date,open,high,low,close,volume,quote_asset_volume,number_of_trades,taker_buy_base_volume,taker_buy_quote_volume
2025-08-06 00:00:00+00:00,114129.75,115716.0,113355.13,114992.27,9761.15318,1118028732.8589184,2026500,4872.24748,558193207.677072
2025-08-07 00:00:00+00:00,114992.27,117621.0,114259.0,117472.01,13468.56263,1564454297.836927,2314671,7008.73753,814088870.444632
2025-08-08 00:00:00+00:00,117472.02,117630.0,115878.71,116674.74,10045.31278,1172199778.7242548,2095304,4584.90574,534970598.46875024
2025-08-09 00:00:00+00:00,116674.74,117944.05,116299.13,116462.25,9514.13144,1111837601.7023723,1390951,4869.85416,569228301.1169946
2025-08-10 00:00:00+00:00,116462.25,119311.11,116460.63,119294.01,14322.77073,1694198747.8718708,2317065,8023.43513,949082473.721322
2025-08-11 00:00:00+00:00,119294.27,122335.16,118050.11,118686.0,26494.33429,3194611530.541069,4021743,13243.42946,1596640461.643077
2025-08-12 00:00:00+00:00,118686.0,120324.43,118207.47,120134.08,16720.10893,1992762473.5852575,2737841,9265.05962,1104367998.1961715
2025-08-13 00:00:00+00:00,120134.09,123667.79,118920.92,123306.43,23210.07102,2811581348.3874574,3712817,11931.26825,1446045988.0483146
2025-08-14 00:00:00+00:00,123306.44,124474.0,117180.0,118295.09,27980.947586,3359128391.108524,4350449,13402.078476,1608719584.8697336
2025-08-15 00:00:00+00:00,118295.09,119216.82,116803.99,117342.05,13623.33874,1607609329.6851013,2895016,6141.41708,724799635.8172467
2025-08-16 00:00:00+00:00,117342.04,117898.99,117143.98,117380.66,6393.68117,751719391.7723638,1179842,2995.22865,352158781.0964551
2025-08-17 00:00:00+00:00,117380.66,118575.0,117172.21,117405.01,5898.64192,695629197.9038073,1177563,2804.73113,330799448.0903654
2025-08-18 00:00:00+00:00,117405.01,117543.75,114640.14,116227.05,17745.93954,2053814085.4717772,3346280,7647.70667,885108979.4887484
2025-08-19 00:00:00+00:00,116227.05,116725.69,112732.58,112872.94,18065.47424,2065010895.8584664,3291182,8609.4137,984093545.5944221
2025-08-20 00:00:00+00:00,112872.95,114615.38,112380.0,114271.24,15636.34194,1776149566.1247735,2998370,7209.58575,819330970.2158619
2025-08-21 00:00:00+00:00,114271.23,114821.76,112015.67,112500.0,10839.69235,1227373788.615563,2357380,5346.48007,605400341.4544928
2025-08-22 00:00:00+00:00,112500.0,117429.05,111684.79,116935.99,23128.09037,2656625122.2777863,3438518,11843.59711,1359907711.8726692
2025-08-23 00:00:00+00:00,116936.0,117030.0,114560.0,115438.05,11329.36197,1308825428.0143585,1559569,5083.35014,587273893.1314433
2025-08-24 00:00:00+00:00,115438.06,115666.68,110680.0,113493.59,21175.98462,2411284606.1891766,2573906,9325.0671,1061855201.3343124
2025-08-25 00:00:00+00:00,113493.59,113667.28,109274.1,110111.98,25182.79379,2805570653.6310234,4695718,11387.5817,1269662985.34418
2025-08-26 00:00:00+00:00,110111.98,112371.0,108666.66,111763.22,18452.43877,2033437347.4999392,4077474,9863.43157,1087468493.596964
2025-08-27 00:00:00+00:00,111763.22,112625.0,110345.42,111262.01,13392.60875,1493774927.190832,3111496,6261.8455,698586344.1774796
2025-08-28 00:00:00+00:00,111262.01,113485.9,110862.42,112566.9,11104.27744,1250788481.9453218,2066780,5139.46509,578866003.6838148
2025-08-29 00:00:00+00:00,112566.9,112638.64,107463.9,108377.4,22580.31045,2475492492.5775294,3606959,10616.35644,1164321513.1044571
2025-08-30 00:00:00+00:00,108377.4,108926.15,107350.1,108816.33,10708.39159,1160666772.7387524,1411040,5797.17783,628457794.843401
2025-08-31 00:00:00+00:00,108816.33,109480.02,108076.93,108246.35,9489.51596,1031806894.3513318,1366633,4573.61058,497406888.1691883
2025-09-01 00:00:00+00:00,108246.36,109912.4,107255.0,109237.42,16053.60219,1742516638.781135,2729384,7532.99101,817730948.9844334
2025-09-02 00:00:00+00:00,109237.43,111771.52,108393.39,111240.01,18510.28756,2042681451.9016385,2596328,9088.71727,1003032805.5367996
2025-09-03 00:00:00+00:00,111240.01,112575.27,110528.71,111705.71,11773.72084,1313762617.3436644,2214249,5539.29462,618293676.5075179
2025-09-04 00:00:00+00:00,111705.72,112180.0,109329.12,110730.87,12203.13536,1349031325.5320847,2230255,6070.78151,670681185.82571
2025-09-05 00:00:00+00:00,110730.87,113384.62,110206.96,110659.99,21587.40888,2413132200.623325,2970419,10787.81127,1206066261.227201
2025-09-06 00:00:00+00:00,110660.0,111307.7,109977.0,110187.97,5000.29897,552785936.5434699,795201,2308.83297,255237426.946011
2025-09-07 00:00:00+00:00,110187.98,111600.0,110180.0,111137.34,5681.29944,630447950.1588689,874961,2570.85199,285303923.5404623
2025-09-08 00:00:00+00:00,111137.35,112924.37,110621.78,112065.23,11582.40211,1295903862.4649603,1744598,5531.65969,618773275.3576307
2025-09-09 00:00:00+00:00,112065.23,113293.29,110766.66,111546.39,15379.28248,1721465997.906366,2143242,7597.38038,849973176.1775683
2025-09-10 00:00:00+00:00,111546.38,114313.13,110917.45,113960.0,17517.41823,1978834750.2223115,2182534,8274.63998,934646697.4823325
2025-09-11 00:00:00+00:00,113960.0,115488.09,113430.0,115482.69,13676.73119,1562241144.956541,2166359,6744.29993,770595422.6905212
2025-09-12 00:00:00+00:00,115482.69,116665.63,114740.99,116029.42,15324.10719,1772122269.5018637,2481491,7995.57276,924775389.8569396
2025-09-13 00:00:00+00:00,116029.41,116298.78,115127.27,115918.29,8269.40394,957724220.6497613,1223635,3590.09359,415773029.4393527
2025-09-14 00:00:00+00:00,115918.29,116165.19,115135.0,115268.01,6707.60197,775762364.9685991,1237218,3406.90777,393977059.3035421
2025-09-15 00:00:00+00:00,115268.01,116757.99,114384.0,115349.71,13212.51149,1522648235.2235153,2857989,6621.3636,763138585.685025
2025-09-16 00:00:00+00:00,115349.71,116964.27,114737.11,116788.96,10926.9094,1265779287.5169268,2047058,5292.18365,613182568.9919184
2025-09-17 00:00:00+00:00,116788.96,117286.73,114720.81,116447.59,16754.2454,1946083704.6217456,3227418,7975.0019,926282110.833079
2025-09-18 00:00:00+00:00,116447.6,117900.0,116092.76,117073.53,11657.23365,1367513347.4865093,2252654,5717.34538,670700552.9347277
2025-09-19 00:00:00+00:00,117073.53,117459.99,115100.0,115632.38,8992.09065,1045792401.4532388,1732471,4020.81483,467345983.0786799
2025-09-20 00:00:00+00:00,115632.39,116121.81,115408.47,115685.63,4674.92752,541264273.2416894,740451,2276.16483,263511469.8432588
2025-09-21 00:00:00+00:00,115685.63,115819.06,115188.0,115232.29,4511.52219,521299751.1504096,945965,2016.72489,233031538.74699312
2025-09-22 00:00:00+00:00,115232.29,115379.25,111800.0,112650.99,20781.71356,2348872511.6988754,3045876,9312.35777,1052684266.8981876
2025-09-23 00:00:00+00:00,112650.99,113290.5,111458.73,111998.8,12301.3203,1383869800.273703,2455729,5543.3609,623665658.7200328
2025-09-24 00:00:00+00:00,111998.8,113940.0,111042.66,113307.0,12369.25967,1394470628.502582,2229837,6100.69487,687826281.220477
2025-09-25 00:00:00+00:00,113307.01,113510.23,108631.51,108994.49,21231.14957,2356639689.9252143,4409953,9511.07937,1055527535.7684448
2025-09-26 00:00:00+00:00,108994.49,110300.0,108620.07,109643.46,14243.01591,1557098915.9392595,3257155,6978.29033,762955442.7524
2025-09-27 00:00:00+00:00,109643.46,109743.91,109064.4,109635.85,5501.78643,601947588.9970765,919594,2523.25886,276080500.9941954
2025-09-28 00:00:00+00:00,109635.85,112350.0,109189.99,112163.95,7542.3316,832254944.3203354,1484866,3781.87606,417495757.16935
2025-09-29 00:00:00+00:00,112163.96,114400.0,111560.65,114311.96,15541.12005,1755247635.871136,2442653,7836.68768,884934987.568753
2025-09-30 00:00:00+00:00,114311.97,114792.0,112656.27,114048.93,15044.15633,1710713267.1300955,3018331,7185.72154,817044461.2701814
2025-10-01 00:00:00+00:00,114048.94,118649.1,113966.67,118594.99,20036.39516,2332096981.265933,3430343,10071.04092,1172422657.4065175
2025-10-02 00:00:00+00:00,118594.99,121022.07,118279.31,120529.35,19670.83503,2349861127.34458,3472073,9753.07848,1164986423.9898076
2025-10-03 00:00:00+00:00,120529.35,123894.99,119248.3,122232.0,23936.328,2907381076.6813188,4246820,11288.62355,1372792607.6136215
2025-10-04 00:00:00+00:00,122232.21,122800.0,121510.0,122391.0,8208.16678,1002272903.3446472,1703590,3767.80335,460154433.12366194
2025-10-05 00:00:00+00:00,122390.99,125708.42,122136.0,123482.31,22043.097553,2730817470.939564,3690670,11780.672403,1459478400.9109964
2025-10-06 00:00:00+00:00,123482.32,126199.63,123084.0,124658.54,19494.628793,2428828952.2653184,4206167,9963.008153,1241625129.7177184
2025-10-07 00:00:00+00:00,124658.54,125126.0,120574.94,121332.95,21633.99385,2657405799.8705487,4390785,9699.35099,1191947741.6989057
2025-10-08 00:00:00+00:00,121332.96,124197.25,121066.14,123306.0,17012.618,2084842842.4416168,4184997,9039.06222,1107976264.6948595
2025-10-09 00:00:00+00:00,123306.01,123762.94,119651.47,121662.4,21559.36007,2621438087.566733,4231167,10144.15364,1233882833.5642388
2025-10-10 00:00:00+00:00,121662.41,122550.0,102000.0,112774.5,64171.93927,7349750905.041157,11404522,30502.14297,3493298452.846008
2025-10-11 00:00:00+00:00,112774.49,113322.39,109561.59,110644.4,35448.51652,3961069473.231136,6661929,15375.94796,1718429599.5669522
2025-10-12 00:00:00+00:00,110644.4,115770.0,109565.06,114958.8,32255.30272,3638546528.740156,6048575,16915.44533,1907676479.1772509
2025-10-13 00:00:00+00:00,114958.81,115963.81,113616.5,115166.0,22557.24033,2591831660.985749,5739352,10710.89723,1230950583.8424664
2025-10-14 00:00:00+00:00,115166.0,115409.96,109866.0,113028.14,31870.32974,3578140778.808499,7425642,14944.19197,1677011392.6343808
2025-10-15 00:00:00+00:00,113028.13,113612.35,110164.0,110763.28,22986.48811,2569639641.352769,5243141,10499.31831,1173678794.920774
2025-10-16 00:00:00+00:00,110763.28,111982.45,107427.0,108194.28,29857.17252,3277596494.7619195,6127094,13126.95119,1441416875.126377
2025-10-17 00:00:00+00:00,108194.27,109240.0,103528.23,106431.68,37920.66838,4022645635.2212014,7570685,17996.99946,1909654487.4562209
2025-10-18 00:00:00+00:00,106431.68,107499.0,106322.2,107185.01,11123.18766,1189002999.143113,2105450,4845.85641,518065716.6618129
2025-10-19 00:00:00+00:00,107185.0,109450.07,106103.36,108642.78,15480.66423,1670074079.5802343,3205640,7100.31013,766423535.8177378
2025-10-20 00:00:00+00:00,108642.77,111705.56,107402.52,110532.09,19193.4416,2119912185.5934684,4283542,9280.50075,1024925788.7216992
2025-10-21 00:00:00+00:00,110532.09,114000.0,107473.72,108297.67,37228.01659,4114477849.9320545,6004063,17034.07155,1881327751.3346128
2025-10-22 00:00:00+00:00,108297.66,109163.88,106666.69,107567.44,28610.78451,3090291706.4439816,5547903,13766.58861,1487179903.5999787
2025-10-23 00:00:00+00:00,107567.45,111293.61,107500.0,110078.18,17573.09294,1924582289.4113936,3721614,8575.33716,938905317.7034109
2025-10-24 00:00:00+00:00,110078.19,112104.98,109700.01,111004.89,15005.16913,1662806764.9533324,3241022,7511.2434,832390454.8076226
2025-10-25 00:00:00+00:00,111004.9,111943.19,110672.86,111646.27,6407.96864,714201332.9751225,1238199,3087.0866,344113931.7999452
2025-10-26 00:00:00+00:00,111646.27,115466.8,111260.45,114559.4,13454.47737,1525108635.874829,2463951,6982.18154,791462349.3516057
2025-10-27 00:00:00+00:00,114559.41,116400.0,113830.01,114107.65,21450.23241,2470872744.548968,3660488,10969.70182,1263753536.9973898
2025-10-28 00:00:00+00:00,114107.65,116086.0,112211.0,112898.45,15523.42257,1772753529.8642745,3829845,7765.31574,887031686.0163724
2025-10-29 00:00:00+00:00,112898.44,113643.73,109200.0,110021.29,21079.71376,2356715986.5335455,4481480,10407.07233,1163985607.3569083
2025-10-30 00:00:00+00:00,110021.3,111592.0,106304.34,108322.88,25988.82838,2827221287.4227977,6373451,12551.13144,1365671836.7455924
2025-10-31 00:00:00+00:00,108322.87,111190.0,108275.28,109608.01,21518.20439,2361590437.9414105,5256872,10798.53938,1185034290.9237795
2025-11-01 00:00:00+00:00,109608.01,110564.49,109394.81,110098.1,7378.50431,812389216.4346799,1994214,3406.68401,375126956.08097214
2025-11-02 00:00:00+00:00,110098.1,111250.01,109471.34,110540.68,12107.00087,1336870531.1415012,2652188,5921.86453,654016950.2549777
2025-11-03 00:00:00+00:00,110540.69,110750.0,105306.56,106583.04,28681.18779,3076006652.001568,7074546,12847.08574,1377869106.6681776
2025-11-04 00:00:00+00:00,106583.05,107299.0,98944.36,101497.22,50534.87376,5197697635.212413,9099609,23388.99033,2406186713.1705294
2025-11-05 00:00:00+00:00,101497.23,104534.74,98966.8,103885.16,33778.77571,3454273922.7003846,6500368,18126.84828,1854232277.0330112
2025-11-06 00:00:00+00:00,103885.16,104200.0,100300.95,101346.04,25814.62139,2641767846.305827,5755001,11972.54796,1225474173.0204284
2025-11-07 00:00:00+00:00,101346.04,104096.36,99260.86,103339.08,32059.50942,3251112979.305884,6335759,16056.80582,1629564159.11658
2025-11-08 00:00:00+00:00,103339.09,103406.22,101454.0,102312.94,12390.77985,1267165565.37527,2743819,5862.65977,599611355.3671467
2025-11-09 00:00:00+00:00,102312.95,105495.62,101400.0,104722.96,16338.97096,1687020822.3668208,3404204,8224.94939,849620657.0869098
2025-11-10 00:00:00+00:00,104722.95,106670.11,104265.02,106011.13,22682.25673,2400141664.389342,4710957,11595.81944,1226965888.74677
2025-11-11 00:00:00+00:00,106011.13,107500.0,102476.09,103058.99,24196.50718,2532279071.0069213,5532149,10717.03395,1121890584.1997764
2025-11-12 00:00:00+00:00,103059.0,105333.33,100813.59,101654.37,20457.63906,2108514405.260877,5314132,10155.72095,1047214063.138287
2025-11-13 00:00:00+00:00,101654.37,104085.01,98000.4,99692.02,36198.50771,3654698026.540381,8125404,17250.22426,1742449117.5763607
2025-11-14 00:00:00+00:00,99692.03,99866.02,94012.45,94594.0,47288.14481,4566085156.747208,9551025,21184.91518,2045542286.8634837
2025-11-15 00:00:00+00:00,94594.0,96846.68,94558.49,95596.24,15110.89391,1449074019.0674856,4263558,7115.78198,682358960.754042
2025-11-16 00:00:00+00:00,95596.23,96635.11,93005.55,94261.44,23889.4051,2261295524.8173394,5141394,10828.62752,1025540141.3111866
2025-11-17 00:00:00+00:00,94261.45,96043.0,91220.0,92215.14,39218.59806,3674562070.2386065,8134322,18690.19245,1750979467.7862608
2025-11-18 00:00:00+00:00,92215.14,93836.01,89253.78,92960.83,39835.14769,3641033186.3004575,8786593,20130.95957,1841176605.1418235
2025-11-19 00:00:00+00:00,92960.83,92980.22,88608.0,91554.96,32286.6376,2925773651.2559576,6822174,15060.08451,1365200809.1745572
2025-11-20 00:00:00+00:00,91554.96,93160.0,86100.0,86637.23,39733.19073,3548950335.0984216,7841395,18283.84047,1634256490.957432
2025-11-21 00:00:00+00:00,86637.22,87498.94,80600.0,85129.43,72256.12679,6061348756.341564,11826480,34071.85828,2859133223.2240524
2025-11-22 00:00:00+00:00,85129.42,85620.0,83500.0,84739.74,14193.93263,1197657354.9690385,4697593,6688.79428,564562148.9373932
2025-11-23 00:00:00+00:00,84739.75,88127.64,84667.57,86830.0,19734.46418,1708685030.2798696,5063493,10406.51703,901210513.5204473
2025-11-24 00:00:00+00:00,86830.0,89228.0,85272.0,88300.01,24663.12795,2150393686.9203186,6189156,12438.87518,1085485389.0234168
2025-11-25 00:00:00+00:00,88300.01,88519.99,86116.0,87369.96,19567.0411,1708989000.038937,4838747,9423.17985,823123525.1402558
2025-11-26 00:00:00+00:00,87369.97,90656.08,86306.77,90484.02,21675.82239,1916851896.6699688,4668280,10883.61063,962765375.8163832
2025-11-27 00:00:00+00:00,90484.01,91950.0,90089.91,91333.95,16833.50932,1535778106.5787077,3920172,8898.35835,812005498.7594875
2025-11-28 00:00:00+00:00,91333.94,93092.0,90180.63,90890.7,18830.86012,1721418035.0795596,4229754,8961.64712,820315728.918691
2025-11-29 00:00:00+00:00,90890.71,91165.65,90155.47,90802.44,7429.88291,673725652.9787655,1677860,3359.04932,304614219.1452583
2025-11-30 00:00:00+00:00,90802.44,92000.01,90336.9,90360.0,9687.74175,884051773.1655338,2154030,5002.96698,456606490.1203246
2025-12-01 00:00:00+00:00,90360.01,90417.0,83822.76,86286.01,34509.01227,2977024047.2231607,7709685,15524.33346,1338718794.0013125
2025-12-02 00:00:00+00:00,86286.01,92307.65,86184.39,91277.88,28210.22732,2519515177.662365,6397299,13512.33949,1206199898.2941513
2025-12-03 00:00:00+00:00,91277.88,94150.0,90990.23,93429.95,25712.52585,2386223626.8613906,6733182,12993.19312,1206219500.4577343
2025-12-04 00:00:00+00:00,93429.95,94080.0,90889.0,92078.06,19803.94059,1836645629.33462,5856049,8312.69539,770992235.207992
2025-12-05 00:00:00+00:00,92078.06,92692.36,88056.0,89330.04,19792.97218,1788436983.8106546,5520352,8722.13995,787809723.7213238
2025-12-06 00:00:00+00:00,89330.04,90289.97,88908.01,89236.79,8409.50016,753420679.8063259,2482221,4041.72834,362232786.26957136
2025-12-07 00:00:00+00:00,89236.8,91760.0,87719.28,90395.31,13021.11185,1167866486.8455212,3953071,6370.56683,571547237.8567672
2025-12-08 00:00:00+00:00,90395.32,92287.15,89612.0,90634.34,15793.63887,1436920018.893613,5458731,7296.74328,663654575.4521835
2025-12-09 00:00:00+00:00,90634.35,94588.99,89500.0,92678.8,21240.43014,1956261065.6071732,5940223,10517.75959,969426006.1222627
2025-12-10 00:00:00+00:00,92678.81,94476.0,91563.15,92015.37,18998.68083,1758773276.2478049,6025707,9197.33116,852012295.3967115
2025-12-11 00:00:00+00:00,92015.38,93555.0,89260.63,92513.38,19972.58758,1814322119.0658488,6250438,9150.89797,831529923.8088819
2025-12-12 00:00:00+00:00,92513.38,92754.0,89480.0,90268.42,16679.19169,1521683425.5648005,4956719,7986.68273,728724357.3886564
2025-12-13 00:00:00+00:00,90268.43,90634.55,89766.39,90240.01,5895.70788,532250544.59040153,1363754,2237.9847,202065519.4961406
2025-12-14 00:00:00+00:00,90240.0,90472.4,87577.36,88172.17,9416.94004,839079130.8378651,3115749,4005.70835,356905157.3266693
2025-12-15 00:00:00+00:00,88172.16,90052.64,85146.64,86432.08,19778.6919,1732823429.5017288,6747167,9592.41076,840349649.3250623
2025-12-16 00:00:00+00:00,86432.08,88175.98,85266.0,87863.42,18456.05017,1604673428.6527836,6099692,9065.97746,788731082.46646
2025-12-17 00:00:00+00:00,87863.43,90365.85,85314.0,86243.22,19834.11729,1733348496.6703594,6058638,9277.27838,810618013.2566439
2025-12-18 00:00:00+00:00,86243.23,89477.61,84450.01,85516.41,25405.41763,2204223872.6696463,6946947,12668.53838,1098646854.9700365
2025-12-19 00:00:00+00:00,85516.41,89399.97,85110.24,88136.94,21256.65004,1863236625.932864,6482253,10880.14451,953886285.3647416
2025-12-20 00:00:00+00:00,88136.95,88573.07,87795.76,88360.9,5123.13194,451919022.72775954,1174426,2456.37063,216687645.32920048
2025-12-21 00:00:00+00:00,88360.91,89081.77,87600.04,88658.86,7132.87258,629720971.7866651,2030666,3450.39397,304712061.7980245
2025-12-22 00:00:00+00:00,88658.87,90588.23,87900.0,88620.79,14673.2197,1310235631.747926,4847747,7269.61435,649186791.7715422
2025-12-23 00:00:00+00:00,88620.79,88940.0,86601.9,87486.0,13910.32904,1219899607.2677548,4465080,6381.76747,559905195.8871304
2025-12-24 00:00:00+00:00,87486.0,88049.89,86420.0,87669.45,9140.8432,797460526.4738462,2877239,4543.27331,396385690.4046026
2025-12-25 00:00:00+00:00,87669.44,88592.74,86934.72,87225.27,7096.58235,622970453.6497648,1992172,3390.95708,297591128.7233041
2025-12-26 00:00:00+00:00,87225.27,89567.75,86655.08,87369.56,18344.61505,1616722115.636646,4509482,8846.80613,780464877.7249064
2025-12-27 00:00:00+00:00,87369.56,87984.0,87253.05,87877.01,4469.55156,391274205.274436,957536,2065.72405,180860481.2392424
2025-12-28 00:00:00+00:00,87877.0,88088.75,87435.0,87952.71,4446.29285,390327299.1502763,1241426,2230.75216,195842128.18741432
2025-12-29 00:00:00+00:00,87952.71,90406.08,86806.5,87237.13,19894.98575,1762011993.0377953,4793589,10079.10102,892298235.3755021
2025-12-30 00:00:00+00:00,87237.13,89400.0,86845.66,88485.49,13105.91001,1155016404.4786751,3542176,6561.56089,578303387.4025433
2025-12-31 00:00:00+00:00,88485.5,89200.0,87250.0,87648.22,11558.62047,1019746835.2795268,2897396,5432.03408,479104976.9645489
2026-01-01 00:00:00+00:00,87648.21,88919.45,87550.43,88839.04,6279.57133,552991635.2911001,1449281,3123.64536,275090077.2883817
2026-01-02 00:00:00+00:00,88839.05,90961.81,88379.88,89995.13,17396.97301,1558958860.8870876,5010211,8929.35447,800380273.9640186
2026-01-03 00:00:00+00:00,89995.14,90741.16,89314.01,90628.01,7057.46716,635514773.6093655,1684214,3791.72083,341479553.3015828
2026-01-04 00:00:00+00:00,90628.01,91810.0,90628.0,91529.73,10426.5297,952160980.5212083,2207037,5320.99389,485918671.5920199
2026-01-05 00:00:00+00:00,91529.74,94789.08,91514.81,93859.71,20673.59584,1927455243.548076,5485489,10892.9695,1015858751.9317029
2026-01-06 00:00:00+00:00,93859.71,94444.44,91262.94,93747.97,18546.41829,1728045542.298375,5018686,8108.82157,755998193.3969632
2026-01-07 00:00:00+00:00,93747.97,93747.97,90675.52,91364.16,14276.49025,1311906952.9749737,4340252,6714.86954,616889466.1481977
2026-01-08 00:00:00+00:00,91364.16,91687.99,89311.0,91099.99,16132.79117,1460622501.2073882,4923472,8192.07574,741768676.9751914
2026-01-09 00:00:00+00:00,91100.0,92082.55,89694.66,90641.28,15590.27939,1416907180.1870482,4155703,8512.4327,773999739.2375336
2026-01-10 00:00:00+00:00,90641.27,90832.0,90404.0,90504.7,3104.11722,281321375.4802981,766357,1551.97383,140664759.4095869
2026-01-11 00:00:00+00:00,90504.7,91283.89,90236.0,91013.65,5477.13594,497245863.9319499,1282029,2868.36168,260447706.8088716
2026-01-12 00:00:00+00:00,91013.66,92519.95,90128.44,91296.2,16188.08268,1479964862.2693064,4099509,8092.5428,740004800.1807222
2026-01-13 00:00:00+00:00,91296.2,96495.0,91042.66,95414.0,23021.51482,2149770801.117704,5025071,12405.23056,1159067162.248983
2026-01-14 00:00:00+00:00,95413.99,97924.49,94559.28,96951.78,22851.89428,2201535821.648615,5346212,11974.98829,1154415462.597303
2026-01-15 00:00:00+00:00,96951.78,97193.34,95134.48,95604.8,21725.81369,2093008182.8437335,4493095,10841.32767,1045103063.1114848
2026-01-16 00:00:00+00:00,95604.81,95871.47,94293.46,95550.94,11167.7146,1064019408.0772514,2971559,5055.06952,481723178.0814679
2026-01-17 00:00:00+00:00,95550.94,95639.45,95021.67,95147.77,4280.80137,408161941.6719079,1020527,2059.85283,196399075.9709701
2026-01-18 00:00:00+00:00,95147.77,95531.12,93615.4,93673.14,6895.17819,654773743.2677119,1488785,3107.35604,295217762.8212793
2026-01-19 00:00:00+00:00,93673.14,93673.14,91910.2,92631.0,14295.52747,1326770336.049047,3359066,6906.84245,640981004.8958122
2026-01-20 00:00:00+00:00,92630.99,92870.0,87895.98,88427.66,22007.3261,1989676668.5941784,6064031,9629.19624,870936424.1390942
2026-01-21 00:00:00+00:00,88427.66,90574.0,87263.53,89454.73,20617.50372,1837708115.3597035,6419053,10265.21302,915531751.0822006
2026-01-22 00:00:00+00:00,89454.73,90359.99,88515.37,89559.67,10825.50492,969910623.3559886,3743412,5529.54766,495598490.52278966
2026-01-23 00:00:00+00:00,89559.68,91224.99,88578.36,89600.26,13918.48919,1248772265.678843,4619907,6911.17668,620204414.132354
2026-01-24 00:00:00+00:00,89600.26,89957.39,89162.08,89225.34,4226.56737,378464146.0918812,959854,1835.96939,164401193.4396937
2026-01-25 00:00:00+00:00,89225.34,89319.13,86074.72,86670.36,14426.22019,1264233689.841581,3720178,6269.27657,549304584.5673953
2026-01-26 00:00:00+00:00,86670.36,88860.0,86509.63,88347.08,17766.51453,1560135758.989215,4798083,9428.94206,827914390.6949898
2026-01-27 00:00:00+00:00,88347.08,89523.16,87304.33,89250.0,13125.40425,1160026853.5895033,3787336,6722.86937,594388596.0572797
2026-01-28 00:00:00+00:00,89249.99,90600.0,88833.65,89299.99,14332.18502,1283919840.851472,4385791,7015.44336,628761031.3151364
2026-01-29 00:00:00+00:00,89300.0,89348.0,83383.33,84650.16,30431.38201,2610381587.9100037,5598749,12385.58906,1062920384.0760188
2026-01-30 00:00:00+00:00,84650.16,84735.75,81118.0,84260.49,35195.84793,2918624066.481832,8998829,16749.59784,1389486785.106681
2026-01-31 00:00:00+00:00,84260.5,84270.02,75719.9,78741.09,39491.89133,3155264093.623044,7384976,17959.61358,1435120245.9826963
2026-02-01 00:00:00+00:00,78741.1,79424.0,75700.0,76968.21,25395.48168,1974920557.0473864,8001906,12031.74392,936095742.7402173
2026-02-02 00:00:00+00:00,76968.22,79360.0,74604.0,78738.61,42273.59016,3260752444.4613295,10085578,21480.45115,1658977441.2234404
2026-02-03 00:00:00+00:00,78738.6,79186.81,72945.5,75770.21,39120.10889,2986903008.574792,9199445,17304.88253,1324119396.4360397
2026-02-04 00:00:00+00:00,75770.21,76971.52,71888.0,73165.83,38375.36,2852834631.5391464,10724002,17274.35569,1284664768.8290725
2026-02-05 00:00:00+00:00,73165.84,73341.18,62345.0,62909.86,106298.82899,7198745594.280694,15364010,49042.65006,3325749503.03324
2026-02-06 00:00:00+00:00,62909.87,71751.33,60000.0,70580.26,92539.21531,6134056670.6115055,13228528,49477.51198,3288426149.280688
2026-02-07 00:00:00+00:00,70580.26,71690.07,67300.0,69289.38,44255.48036,3058983879.0691524,7167427,18766.22233,1298989823.4294407
2026-02-08 00:00:00+00:00,69289.37,72271.41,68888.0,70330.38,21420.53168,1510003758.652842,4870449,11435.75238,805898867.2818197
2026-02-09 00:00:00+00:00,70330.38,71453.53,68308.0,70138.0,29152.72842,2038959539.4209776,6644769,13854.63486,969001616.6829728
2026-02-10 00:00:00+00:00,70138.0,70527.59,67800.0,68841.29,20373.77072,1408623623.3599253,4558658,9237.21056,638739950.2535255
2026-02-11 00:00:00+00:00,68841.28,69292.88,65756.0,67082.52,28718.24602,1930513947.5441144,6956577,14335.50997,963903748.2694871
2026-02-12 00:00:00+00:00,67082.52,68410.52,65118.0,66272.17,24271.74283,1622162145.3342066,6778280,12101.72511,809418852.0733618
2026-02-13 00:00:00+00:00,66272.17,69482.97,65872.46,68853.96,20244.54955,1371286022.3300548,6450842,10425.24887,706766540.6168541
2026-02-14 00:00:00+00:00,68853.97,70560.01,68730.13,69822.95,18114.78393,1260259314.3600264,3803163,7857.93423,546756073.2649412
2026-02-15 00:00:00+00:00,69822.94,70983.0,68000.0,68832.58,22290.05208,1545094572.1368144,4598633,8861.59262,615733099.1208996
2026-02-16 00:00:00+00:00,68832.59,70126.67,67294.11,68892.43,15515.76534,1062797918.2535973,5233849,8153.4314,558909191.7674918
2026-02-17 00:00:00+00:00,68892.43,69241.5,66621.06,67503.52,16489.06921,1117987651.294812,5994853,7538.45107,511426190.89324033
2026-02-18 00:00:00+00:00,67503.52,68476.22,65870.0,66461.0,15492.43839,1040493524.6521236,4548997,7895.05707,530458178.1385649
2026-02-19 00:00:00+00:00,66461.0,67320.0,65631.83,67003.73,14542.26988,968863572.7821527,4679351,7106.70741,473456223.07210714
2026-02-20 00:00:00+00:00,67003.73,68318.39,66280.2,68020.01,35351.87091,2378079150.5678477,5044912,15001.46034,1010970043.1452411
2026-02-21 00:00:00+00:00,68020.0,68698.7,67534.69,67975.93,8032.84131,547592078.8471988,1593539,4003.46206,272919692.67728
2026-02-22 00:00:00+00:00,67975.93,68245.0,67190.0,67643.4,8175.13484,553613335.5774136,2160900,3974.29287,269081093.6109383
2026-02-23 00:00:00+00:00,67643.39,67684.86,63888.79,64656.02,33075.90923,2158158656.1215167,8268695,16388.63858,1069328860.0589623
2026-02-24 00:00:00+00:00,64656.01,65026.75,62510.28,64058.15,23102.83622,1469512159.7199352,7553629,11150.61026,709235431.9176984
2026-02-25 00:00:00+00:00,64058.15,69988.83,63913.27,67988.04,30749.99259,2064089702.8444352,7096715,16382.91985,1098904977.008272
2026-02-26 00:00:00+00:00,67988.04,68860.0,66500.0,67485.18,20737.77792,1404774665.564561,5426137,10172.50047,689304052.4530671
2026-02-27 00:00:00+00:00,67485.19,68216.8,64914.46,65872.1,21228.58424,1412033823.5619729,3856064,10107.20917,671986242.524662
2026-02-28 00:00:00+00:00,65872.09,67760.0,63030.0,66973.26,22548.71649,1462864408.2615664,5268514,11531.10802,748190390.4323822
2026-03-01 00:00:00+00:00,66973.26,68199.99,65056.0,65776.47,23201.85859,1545783742.9062,5312013,11209.77201,747161922.8484616
2026-03-02 00:00:00+00:00,65776.48,70096.0,65259.21,68830.06,32010.38431,2164578841.845917,8397526,15335.91369,1037871544.5481504
2026-03-03 00:00:00+00:00,68830.06,69258.08,66158.0,68338.0,24972.2418,1691848669.9430182,7648119,12331.622,835461016.0946944
2026-03-04 00:00:00+00:00,68338.01,74050.0,67400.0,72666.77,44919.0761,3202864447.6324606,8618302,23641.35243,1685099057.930178
2026-03-05 00:00:00+00:00,72666.77,73558.15,70645.47,70890.72,26590.51253,1917514690.387834,6709160,12299.51467,886773462.4727771
2026-03-06 00:00:00+00:00,70891.02,71419.98,67744.78,68114.02,22629.88722,1574601198.874888,5302899,10464.09351,728091757.7822126
2026-03-07 00:00:00+00:00,68114.02,68551.04,66915.26,67262.91,12719.54315,861729861.8530488,2067476,5910.76849,400477518.3566913
2026-03-08 00:00:00+00:00,67262.91,68200.0,65618.49,65971.2,21593.63901,1447522160.3154545,3028392,11268.64926,755732359.1696719
2026-03-09 00:00:00+00:00,65971.2,69516.65,65821.97,68432.16,28896.7213,1967622051.44968,5093667,14101.45378,960195772.9159064
2026-03-10 00:00:00+00:00,68432.16,71777.0,68391.41,69948.63,32602.57726,2292525621.4405203,5176064,16453.82839,1157238967.1004455
2026-03-11 00:00:00+00:00,69948.64,71321.0,68977.91,70191.86,27249.27542,1911300596.234168,4759855,14015.31615,982971805.5997224
2026-03-12 00:00:00+00:00,70191.86,70800.0,69205.91,70541.34,21997.1605,1540745224.510106,4344059,10545.03396,738758111.8989178
2026-03-13 00:00:00+00:00,70541.34,73913.74,70386.01,70930.0,35996.61678,2591768526.2961473,5312490,18310.3426,1319530652.9586313
2026-03-14 00:00:00+00:00,70930.01,71307.92,70317.0,71211.95,13017.24737,921308630.9462768,1661739,6242.10104,441895405.35856247
2026-03-15 00:00:00+00:00,71211.95,73199.0,70858.82,72815.24,14037.30704,1007334955.2436514,2509013,7307.01776,524440519.7627765
2026-03-16 00:00:00+00:00,72815.25,74909.08,72270.41,74884.67,28409.53019,2095859511.564864,5396482,15204.22255,1122045159.1994789
2026-03-17 00:00:00+00:00,74884.67,76000.0,73399.19,73909.36,24521.26636,1825976731.3326728,4863187,11791.2523,878396858.780886
2026-03-18 00:00:00+00:00,73909.37,74672.34,70500.0,71246.54,23392.88093,1692949838.9777424,4733897,11709.17057,847905482.6972562
2026-03-19 00:00:00+00:00,71246.55,71613.79,68793.35,69930.0,22364.81819,1566573949.8604124,4972526,10489.13676,734634623.2873883
2026-03-20 00:00:00+00:00,69930.01,71367.0,69388.0,70510.73,18121.16745,1273812840.6886704,4369971,8801.41211,618781938.2268149
2026-03-21 00:00:00+00:00,70510.73,71100.94,68571.42,68918.12,13397.1675,942693882.026424,1640086,6379.69313,449156360.93415475
2026-03-22 00:00:00+00:00,68918.12,69588.79,67360.66,67859.0,14843.78682,1018926475.3196974,3269152,7292.32333,500700088.25183487
2026-03-23 00:00:00+00:00,67859.0,71817.09,67445.18,70906.45,28335.09119,1980755169.231694,6509730,14640.9723,1022970775.4557816
2026-03-24 00:00:00+00:00,70906.45,71400.0,68923.07,70556.74,20702.42244,1455361229.2099645,4191328,9731.85043,684254039.2949127
2026-03-25 00:00:00+00:00,70556.74,72026.09,70408.0,71336.53,17719.50066,1261017988.5394323,3298902,8819.77787,627874982.8921664
2026-03-26 00:00:00+00:00,71336.53,71436.82,68153.0,68820.31,20820.45768,1447699734.3398392,3597702,10116.39467,703650001.5901196
2026-03-27 00:00:00+00:00,68820.31,69179.05,65548.25,66407.28,28603.69557,1917318222.7099128,4159306,14568.62853,976680026.2656809
2026-03-28 00:00:00+00:00,66407.28,67288.94,65932.09,66377.03,11462.39847,762676255.4470605,1687368,5753.04124,382921412.2238488
2026-03-29 00:00:00+00:00,66377.04,67130.5,65000.0,66010.93,10052.85584,667003517.6059871,2146177,4769.42832,316674097.3501869
2026-03-30 00:00:00+00:00,66010.93,68169.65,65800.59,66797.37,18353.38975,1234617690.8920753,3902849,9155.91893,615747978.8513808
2026-03-31 00:00:00+00:00,66797.38,68589.49,65998.05,68284.48,22105.40662,1490168487.4548745,4846820,10726.18262,723378692.7667619
2026-04-01 00:00:00+00:00,68284.49,69310.0,67578.75,68113.92,19020.1899,1301708227.0745244,3741910,9702.49844,664126033.9269131
2026-04-02 00:00:00+00:00,68113.92,68653.38,65712.12,66901.99,20203.47916,1349223461.5270572,4189133,10090.6562,673815463.8757504
2026-04-03 00:00:00+00:00,66901.99,67370.42,66282.0,66964.3,11429.13131,763535606.9777882,2023104,5535.26988,369859409.32271767
2026-04-04 00:00:00+00:00,66964.29,67562.93,66775.91,67300.42,7373.51613,494932017.4232442,1356179,3701.32932,248489879.9959024
2026-04-05 00:00:00+00:00,67300.42,69136.2,66611.66,69034.18,11733.46752,791661977.3234502,2106257,5791.55692,391091472.13861215
2026-04-06 00:00:00+00:00,69034.18,70351.46,68300.0,68853.66,20281.61044,1408020173.0961628,4695523,10149.79257,704797801.6383992
2026-04-07 00:00:00+00:00,68853.66,72761.0,67732.01,71924.22,23750.49661,1649637855.842697,4871706,12465.18271,866730089.2310433
2026-04-08 00:00:00+00:00,71924.22,72857.0,70707.23,71069.93,19802.68627,1418484188.0521238,3843988,9570.20189,685666276.8388308
2026-04-09 00:00:00+00:00,71069.93,73145.0,70466.0,71787.97,18158.42159,1300323816.009336,3773025,9604.31771,687990251.043167
2026-04-10 00:00:00+00:00,71787.98,73434.0,71426.15,72962.7,17372.63288,1259195636.055663,3176308,8819.74841,639705902.5013963
2026-04-11 00:00:00+00:00,72962.71,73790.0,72513.09,73043.16,9070.94374,662437113.7096702,1472041,4673.47605,341269009.9930418
2026-04-12 00:00:00+00:00,73043.16,73137.24,70505.88,70740.98,13472.46801,962825891.8165911,2068779,6326.31289,451853887.81102085
2026-04-13 00:00:00+00:00,70741.56,74900.0,70566.99,74417.99,24230.21625,1753370318.184166,3673539,12639.79905,914783773.8511785
2026-04-14 00:00:00+00:00,74418.0,76038.0,73795.47,74131.55,26532.94456,1982728989.60722,4033448,13313.88956,995694440.9989891
2026-04-15 00:00:00+00:00,74131.55,75425.0,73514.0,74809.99,14425.04167,1071448612.537022,3187792,7014.01981,521112265.17116576
2026-04-16 00:00:00+00:00,74809.99,75534.76,73309.85,75154.29,17088.68777,1274894123.7496114,3581890,8601.69794,641950287.248219
2026-04-17 00:00:00+00:00,75154.28,78333.0,74529.4,77072.0,25941.36694,1987343208.84067,4931167,14435.4773,1106587361.0045395
2026-04-18 00:00:00+00:00,77072.01,77420.08,75445.16,75691.76,9141.84456,698008567.9340073,1941112,4333.78362,330918112.5519663
2026-04-19 00:00:00+00:00,75691.76,76240.66,73762.9,73801.79,11369.82232,854915370.4407915,2739751,5458.61875,410654487.0526324
2026-04-20 00:00:00+00:00,73801.8,76558.62,73724.31,75840.97,16993.41034,1280503914.3710752,3563591,8812.70109,664069175.9657189
2026-04-21 00:00:00+00:00,75840.97,76927.57,74821.57,76336.15,14912.57132,1132118272.5583112,3616213,7672.96288,582659654.9138548
2026-04-22 00:00:00+00:00,76336.14,79472.82,76132.95,78178.23,19737.51225,1543732085.5463338,3757077,10376.12434,811313167.0703671
2026-04-23 00:00:00+00:00,78178.22,78662.5,76960.0,78257.48,16970.79501,1321349698.354246,3571796,7760.75572,604322134.3078095
2026-04-24 00:00:00+00:00,78257.48,78581.93,77264.08,77437.13,12675.14315,986932564.6001965,2581973,6148.06393,478778657.35331106
2026-04-25 00:00:00+00:00,77437.13,77885.35,77140.23,77625.0,5685.1142,440684004.3451535,806542,2999.85355,232567740.81986928
2026-04-26 00:00:00+00:00,77625.0,78961.0,77326.51,78657.55,7963.56162,621991973.4848,1476971,3981.86566,311149594.60716605
2026-04-27 00:00:00+00:00,78657.55,79485.66,76459.64,77371.32,16046.92418,1247833550.0841925,2982889,7712.53219,600122422.5927734
2026-04-28 00:00:00+00:00,77371.32,77478.0,75666.6,76342.77,13210.72383,1010412673.5550212,2352446,6518.95469,498681416.19895184
2026-04-29 00:00:00+00:00,76342.78,77904.93,74937.52,75780.0,18279.93022,1399735858.345528,3032890,9680.02112,741279741.5187618
2026-04-30 00:00:00+00:00,75780.0,76669.14,75323.65,76346.57,10381.81607,790584591.6891539,2569480,5585.19124,425311383.2018324
2026-05-01 00:00:00+00:00,76346.58,78914.12,76320.42,78231.13,17315.46502,1347837835.9195642,2388458,8322.98012,647849577.8083475
2026-05-02 00:00:00+00:00,78231.13,79199.48,78040.0,78686.85,6150.87642,482238389.4494098,936143,3297.03958,258534491.673966
2026-05-03 00:00:00+00:00,78686.84,79447.0,78084.08,78568.57,7425.7929,584294330.4516287,1352474,3464.91412,272683292.169375
2026-05-04 00:00:00+00:00,78568.58,80776.99,78202.0,79861.01,26042.96135,2074174850.511439,3734604,13351.64548,1063054861.8782552
2026-05-05 00:00:00+00:00,79861.01,81791.48,79808.72,80905.52,16947.17995,1374319029.230936,2490930,8628.14977,699849788.9064542
2026-05-06 00:00:00+00:00,80905.53,82850.0,80731.14,81447.01,18798.77396,1535650624.7612484,2794707,9976.68805,815009074.2302134
2026-05-07 00:00:00+00:00,81447.01,81708.32,79500.0,80006.0,16154.80338,1300766382.102334,2540329,7625.14879,614218758.7473308
2026-05-08 00:00:00+00:00,80006.0,80500.0,79181.48,80193.17,16001.31009,1278566045.4172618,2265372,8328.38654,665600036.192464
2026-05-09 00:00:00+00:00,80193.18,81080.0,80129.85,80678.4,7548.42177,607596225.98642,1002373,4032.72566,324554540.3255052
2026-05-10 00:00:00+00:00,80678.41,82479.32,80279.77,82210.07,12034.31882,977223714.2634743,1801608,6395.8966,519505191.5151365
2026-05-11 00:00:00+00:00,82210.07,82380.0,80462.97,81745.65,12951.76056,1053193670.8757555,2576396,6132.37349,498860919.4964037
2026-05-12 00:00:00+00:00,81745.66,81788.0,79843.59,80504.47,12386.25676,1000180167.440677,2345137,5716.20385,461739840.0868008
2026-05-13 00:00:00+00:00,80504.47,81324.64,78754.65,79313.61,14810.05643,1184929842.8688235,2350570,7161.64182,573129996.834195
2026-05-14 00:00:00+00:00,79313.61,82048.13,78922.0,81089.99,19727.86807,1590656475.018797,3101046,10750.20775,867205459.8346943
2026-05-15 00:00:00+00:00,81090.0,81664.45,78659.0,79113.21,17351.27079,1387152674.368868,3184114,8333.17845,666666033.915996
2026-05-16 00:00:00+00:00,79113.2,79227.77,77640.0,78148.05,12132.86192,949890656.658851,1597661,5776.31138,452258189.4353481
2026-05-17 00:00:00+00:00,78148.05,78599.99,76735.16,77457.67,8442.7022,658061481.644852,1570433,3897.8677,303858886.908721
2026-05-18 00:00:00+00:00,77457.67,77800.0,76051.0,77001.87,18745.51678,1439862031.891971,3529328,8916.45791,684998988.3253162
2026-05-19 00:00:00+00:00,77001.88,77414.62,76144.71,76834.36,11024.85978,846904378.3078035,2315121,5680.77448,436435106.0620676
2026-05-20 00:00:00+00:00,76834.36,77853.04,76516.74,77552.23,11296.26307,873091271.471635,2437754,5606.16242,433402000.2313096
2026-05-21 00:00:00+00:00,77552.24,78200.0,76719.47,77615.52,11318.25841,878168697.2277491,2473146,5765.00854,447290745.1412532
2026-05-22 00:00:00+00:00,77615.52,77900.0,75359.18,75539.5,11272.36134,866200460.9104595,2370783,5204.99076,400374654.6094489
2026-05-23 00:00:00+00:00,75539.5,77404.18,74289.6,76752.01,15086.88814,1138996605.773816,2103536,7738.58719,584406871.6902983
2026-05-24 00:00:00+00:00,76752.0,77543.15,76108.0,77064.96,8398.00156,644925517.611316,1612969,4513.13276,346628082.28819406
2026-05-25 00:00:00+00:00,77064.96,77905.52,76914.25,77322.01,7672.32197,593868004.9975973,1778509,3644.38154,282126295.7074095
2026-05-26 00:00:00+00:00,77322.01,78080.0,75677.97,75930.01,16953.47629,1299609317.6975915,3360745,7867.0405,603376144.8767151
2026-05-27 00:00:00+00:00,75930.01,76174.15,74243.99,74449.3,16877.77483,1270680262.9088244,3367068,7990.81792,601880855.3520991
2026-05-28 00:00:00+00:00,74449.31,74590.77,72582.82,73617.51,21274.02026,1560808525.5072746,3799713,11285.37807,828070542.0512333
2026-05-29 00:00:00+00:00,73617.52,74514.1,72512.49,73460.78,18686.74141,1376106492.906427,2897318,10668.37212,786121889.890037
2026-05-30 00:00:00+00:00,73460.78,74143.76,73216.0,73884.38,7515.40909,553989386.1115208,1124406,4118.11087,303592073.2673063
2026-05-31 00:00:00+00:00,73884.38,74275.66,73400.0,73674.39,6986.45707,515907532.5891972,1363437,3407.47243,251629752.0865094
2026-06-01 00:00:00+00:00,73674.39,74092.0,70686.68,71408.9,23921.09184,1723958338.6828775,4237773,11600.30396,835109172.1168073
2026-06-02 00:00:00+00:00,71408.9,71408.9,66193.0,66760.83,32858.19586,2253348577.983128,6250677,15675.4915,1074442481.8457325
2026-06-03 00:00:00+00:00,66760.84,67516.0,64092.49,64142.75,30138.3065,1998349981.892944,6676358,14567.29572,967367597.5473663
2026-06-04 00:00:00+00:00,64142.75,64764.32,61383.56,63885.99,43577.17571,2759349733.489383,9057976,20172.82504,1278141865.0268295
2026-06-05 00:00:00+00:00,63885.99,63978.0,59130.91,61056.47,55027.28807,3379021750.503328,11658856,24879.51775,1529682071.4700003
2026-06-06 00:00:00+00:00,61056.47,61530.05,59500.0,60884.62,19795.58877,1202325958.4682336,5000874,9473.55921,575481185.8910959
2026-06-07 00:00:00+00:00,60884.62,64234.68,60746.0,63332.01,26612.10443,1656650772.813708,4752461,14156.31067,882490717.5764754
2026-06-08 00:00:00+00:00,63332.01,64200.0,62408.0,63085.99,23053.38624,1462563286.7512205,4887564,11227.99606,712684502.0653824
2026-06-09 00:00:00+00:00,63086.0,63526.01,60780.0,61730.0,21636.21959,1347322049.1623404,4347332,10357.23644,645037339.5456268
2026-06-10 00:00:00+00:00,61730.0,62857.99,60755.0,61510.99,15998.71652,986710883.5893747,4655686,7714.59491,475908655.4422775
2026-06-11 00:00:00+00:00,61510.99,63933.02,61510.99,63625.99,17380.94642,1093211866.433885,3446803,8975.49366,564559048.5586231
2026-06-12 00:00:00+00:00,63626.0,64394.44,62829.81,63580.01,16397.0524,1042661512.679604,3154052,8373.87233,532498396.6271599
2026-06-13 00:00:00+00:00,63580.0,64762.77,63418.66,64458.01,9960.74163,637302050.4867933,1489009,5326.34918,340833402.1496999
2026-06-14 00:00:00+00:00,64458.01,65800.0,63678.83,65746.45,13203.03375,853654539.2638302,2060901,6966.04602,450843680.3207427
2026-06-15 00:00:00+00:00,65746.45,67292.15,65354.0,66328.74,18559.80102,1230675240.537974,3140494,8827.32403,585352821.9493269
2026-06-16 00:00:00+00:00,66328.74,66992.0,65360.92,65675.01,14302.05801,945125184.2518406,2964629,6709.60119,443519254.49336064
2026-06-17 00:00:00+00:00,65675.02,66445.93,63915.77,64509.4,19048.65409,1242898548.082235,3933123,9344.30808,609795592.7365174
2026-06-18 00:00:00+00:00,64509.4,64806.0,62272.07,62958.01,16935.59661,1076015381.1924088,3573931,8148.66252,517693581.0628108
2026-06-19 00:00:00+00:00,62958.01,63666.0,62316.44,63543.91,14247.424,896102952.7753174,2671918,6709.20964,421981528.2738967
2026-06-20 00:00:00+00:00,63543.9,64388.0,63184.21,64298.01,9522.10324,607077211.7557423,1970081,4669.85879,297796699.61223286
2026-06-21 00:00:00+00:00,64298.01,64588.0,63270.0,63311.99,8034.66333,514862175.7362123,1768294,3833.13382,245702909.4202356
2026-06-22 00:00:00+00:00,63312.0,65622.83,63312.0,64020.01,15423.10851,995034557.156346,3521337,7677.53285,495354694.74254
2026-06-23 00:00:00+00:00,64020.01,64275.38,61938.0,62734.57,20222.99292,1268093221.2502334,3626190,9113.2674,571633628.7589369
2026-06-24 00:00:00+00:00,62734.57,63239.06,59102.7,61077.99,30678.28543,1871885814.3078947,5367531,14451.4544,882414090.5623845
2026-06-25 00:00:00+00:00,61078.0,61962.4,58115.01,59794.0,30386.00694,1822854100.0700865,5683275,14406.15352,865169997.7746557
2026-06-26 00:00:00+00:00,59794.64,60759.99,58337.0,60097.27,27403.55723,1636102058.3778124,6019134,13907.49037,831252961.0007827
2026-06-27 00:00:00+00:00,60097.27,60941.17,59855.16,60029.0,9587.22916,578765263.0698456,1763416,5067.9265,305951190.2586987
2026-06-28 00:00:00+00:00,60029.01,60545.01,58905.0,59577.01,8907.13796,533333220.8111167,2299232,4290.64588,257041890.3605781
2026-06-29 00:00:00+00:00,59577.01,60780.57,58900.01,60260.21,20203.14178,1210648237.7440157,4884336,10334.16227,619595248.5255269
2026-06-30 00:00:00+00:00,60260.2,60276.54,58201.0,58624.71,19639.82787,1157911191.4893565,3804809,8879.55126,523471695.1315744
2026-07-01 00:00:00+00:00,58624.71,61334.0,57800.19,60024.0,25093.44662,1491051306.8189511,4166849,12936.11295,769788015.5304813
2026-07-02 00:00:00+00:00,60024.0,62200.0,59588.0,61560.0,21382.14163,1308156569.720092,3883096,11394.85517,697154441.649651
2026-07-03 00:00:00+00:00,61560.0,62979.86,61248.86,62583.26,14048.98627,870359931.583285,2571531,7249.98683,449356592.07945985
2026-07-04 00:00:00+00:00,62583.26,63461.99,62328.24,63144.01,9139.8274,574233846.0826051,1643288,4753.53597,298756917.6260528
2026-07-05 00:00:00+00:00,63144.01,63999.0,62436.59,63650.0,9172.07758,577866444.607444,1790183,4565.93641,287772291.7213926
2026-07-06 00:00:00+00:00,63650.01,64700.0,61306.84,64042.02,21435.28437,1347956046.4032269,3777895,11556.55192,725800060.888562
2026-07-07 00:00:00+00:00,64042.93,64314.0,62671.39,63363.99,16834.20823,1069267686.8886092,3282102,8128.20476,516256287.15832794
2026-07-08 00:00:00+00:00,63364.0,63761.99,61544.56,62290.0,18620.09796,1160087170.620036,3598487,8338.57026,519456686.0095176
2026-07-09 00:00:00+00:00,62290.01,63500.0,61705.29,63230.0,16742.80672,1050849813.269484,3176050,7922.48357,497503064.9628654
2026-07-10 00:00:00+00:00,63230.01,64692.83,62926.01,64161.72,17589.00122,1126097961.002051,2927425,8727.5029,558839184.585073
2026-07-11 00:00:00+00:00,64161.72,64504.11,63819.0,63819.0,9151.97432,587469874.5668087,1406178,3908.28562,250875418.84110928
2026-07-12 00:00:00+00:00,63819.01,64290.11,63640.83,63780.0,13914.83703,889938572.3679434,1919605,6757.00737,432156662.9830714
2026-07-13 00:00:00+00:00,63780.0,64425.0,61824.97,62334.52,21682.50204,1361096729.9510434,3349712,9861.43724,618891429.7354479
2026-07-14 00:00:00+00:00,62334.52,65100.0,62272.2,65043.98,20552.41384,1310854500.6805303,3080945,10847.48978,692544328.0713369
2026-07-15 00:00:00+00:00,65043.99,65600.0,64485.0,64756.28,18401.89741,1195648323.7685184,2668919,9009.48362,585447811.8448781
2026-07-16 00:00:00+00:00,64756.28,64997.52,63748.74,63830.2,18764.52679,1206498386.3771937,2813481,9007.30607,579112000.2267197
2026-07-17 00:00:00+00:00,63830.2,64387.99,62537.56,63931.67,18189.89389,1152546029.3402517,3239296,8618.43801,545926712.6785715
2026-07-18 00:00:00+00:00,63931.67,64865.0,63886.65,64834.22,8031.18012,515954648.6863699,1088701,4100.21428,263412780.44647872
2026-07-19 00:00:00+00:00,64834.21,64967.25,64280.0,64722.54,8379.91474,541559101.9129945,1464337,4281.97001,276728781.2650717
2026-07-20 00:00:00+00:00,64722.55,65799.0,63100.0,65255.51,21323.48702,1379182710.2630444,3606847,10104.82668,654547128.9054285
2026-07-21 00:00:00+00:00,65255.51,66956.15,65148.75,66556.16,18618.28087,1232802690.07422,3005241,9545.80868,632017323.4732311
2026-07-22 00:00:00+00:00,66556.15,66739.89,65553.67,66114.49,18074.86602,1193958918.306832,3381825,8854.46937,585011981.671543
2026-07-23 00:00:00+00:00,66114.5,66313.14,64650.0,65098.97,14698.22673,959991207.4603939,2557299,7036.32429,459602971.04271406
2026-07-24 00:00:00+00:00,65098.98,65808.59,63739.75,64139.99,16821.2718,1086879409.1640515,2467691,8133.22286,525535644.02044624
2026-07-25 00:00:00+00:00,64140.0,64475.28,63810.0,64375.0,8863.0503,568282056.0835841,1005338,4621.49495,296311657.9259438
2026-07-26 00:00:00+00:00,64375.01,65577.0,64293.81,65399.99,7933.06089,513834097.46235937,1138023,4091.47971,265047345.63367552
2026-07-27 00:00:00+00:00,65400.0,65744.6,63605.56,63755.86,14791.90543,961311197.9853868,2921636,6694.82928,435156822.3178757
2026-07-28 00:00:00+00:00,63755.86,64100.0,62742.47,63915.0,13889.82996,881901504.4936239,2679943,7070.0283,449032421.8585752
2026-07-29 00:00:00+00:00,63915.0,64744.81,63267.34,63984.28,16780.11912,1075624907.649938,3615294,8931.61763,572491996.7819498
2026-07-30 00:00:00+00:00,63984.29,65176.6,63603.92,64780.02,17131.58486,1104856756.9244137,3246691,8996.1922,580226535.0264105
2026-07-31 00:00:00+00:00,64780.03,65409.56,62466.0,62887.88,20475.60686,1302023180.8966825,2740238,9659.56143,614195527.41951
2026-08-01 00:00:00+00:00,62887.88,63150.0,62275.0,62823.64,7563.08904,475812069.762356,831983,3772.23898,237336841.66406608
2026-08-02 00:00:00+00:00,62823.65,63796.33,62806.58,63570.0,8387.01154,531238376.4212737,1286064,4566.33112,289282425.1367377
2026-08-03 00:00:00+00:00,63570.01,64080.0,62300.0,63520.0,15543.29743,983698515.9557792,2494364,7987.90387,505558159.3952664
2026-08-04 00:00:00+00:00,63520.0,64549.16,63322.01,64106.56,13690.47909,875057683.2964723,2388039,7360.46366,470519870.7085892
2026-08-05 00:00:00+00:00,64106.55,64525.97,63950.0,64450.01,5213.43957,334697024.0096883,895055,2692.33988,172847338.4531885
